{"intents":
[
    {"tag": "test",
        "patterns": ["I'm testing this", "Test", "This is a test", "I need to test this", "Testing"],
        "responses": ["testing()"]},
    {"tag": "greeting",
        "patterns": ["Hey", "Hello", "what's up", "How's it going?", "Hi"],
        "responses": ["Hello Sir! What can I do for you?"]},
    {"tag": "create_note",
        "patterns": ["Please create a new note", "New note", "Create a note", "I want to create a note"],
        "responses": [""]},
    {"tag": "show_todos",
        "patterns": ["Show my todos", "What are my todos", "What is on my todo list"],
        "responses": [""]},
    {"tag": "exit",
        "patterns": ["Exit please", "I'd like to exit", "Bye", "Goodbye", "I want to quit", "I want to exit", "Please go away", "I have to go"],
        "responses": [""]},
    {"tag": "time",
        "patterns": ["What time is it", "What is the current time", "Can you tell me what time it is"],
        "responses": [""]},
    {"tag": "alarm",
        "patterns": ["I'd like to set an alarm", "Set my alarm please", "Turn on my alarm clock", "Set an alarm", "Alarm"],
        "responses": [""]},
    {"tag": "reminder",
        "patterns": ["I'd like to set a reminder", "Remind me about something", "Please remind me", "Remind me about something", "Remind me", "Reminder"],
        "responses": [""]},        
    {"tag": "add_todo",
        "patterns": ["I want to add a todo", "Add a todo to my list", "New item on my todo list"],
        "responses": [""]}
]}