index,text
1,I think my neighbor is stalking me as she's been googling my name on her computer. I saw it through my telescope last night.
2,"I changed my password to ""incorrect"". So whenever I forget what it is the computer will say ""Your password is incorrect""."
3,Moses had the first tablet that could connect to the cloud.
4,"The first computer dates back to Adam and Eve. It was an Apple with limited memory, just one byte. And then everything crashed."
5,A clean house is the sign of a broken computer.
6,Entered what I ate today into my new fitness app and it just sent an ambulance to my house.
7,"My mom said that if I don't get off my computer and do my homework she'll slam my head on the keyboard, but I think she's jokinfjreoiwjrtwe4to8rkljreun8f4ny84c8y4t58lym4wthylmhawt4mylt4amlathnatyn"
8,Maybe if we start telling people the brain is an app they will start using it.
9,"A computer once beat me at chess, but it was no match for me at kick boxing."
10,Q: What do you call the security outside of a Samsung Store? A: Guardians of the Galaxy.
11,I think my neighbor is stalking me as she's been googling my name on her computer. I saw it through my telescope last night.
12,"I changed my password to ""incorrect"". So whenever I forget what it is the computer will say ""Your password is incorrect""."
13,Moses had the first tablet that could connect to the cloud.
14,"The first computer dates back to Adam and Eve. It was an Apple with limited memory, just one byte. And then everything crashed."
15,A clean house is the sign of a broken computer.
16,Entered what I ate today into my new fitness app and it just sent an ambulance to my house.
17,"My mom said that if I don't get off my computer and do my homework she'll slam my head on the keyboard, but I think she's jokinfjreoiwjrtwe4to8rkljreun8f4ny84c8y4t58lym4wthylmhawt4mylt4amlathnatyn"
18,Maybe if we start telling people the brain is an app they will start using it.
19,"A computer once beat me at chess, but it was no match for me at kick boxing."
20,Q: What do you call the security outside of a Samsung Store? A: Guardians of the Galaxy.
21,I think my neighbor is stalking me as she's been googling my name on her computer. I saw it through my telescope last night.
22,"I changed my password to ""incorrect"". So whenever I forget what it is the computer will say ""Your password is incorrect""."
23,Moses had the first tablet that could connect to the cloud.
24,"The first computer dates back to Adam and Eve. It was an Apple with limited memory, just one byte. And then everything crashed."
25,A clean house is the sign of a broken computer.
26,Entered what I ate today into my new fitness app and it just sent an ambulance to my house.
27,"My mom said that if I don't get off my computer and do my homework she'll slam my head on the keyboard, but I think she's jokinfjreoiwjrtwe4to8rkljreun8f4ny84c8y4t58lym4wthylmhawt4mylt4amlathnatyn"
28,Maybe if we start telling people the brain is an app they will start using it.
29,"A computer once beat me at chess, but it was no match for me at kick boxing."
30,Q: What do you call the security outside of a Samsung Store? A: Guardians of the Galaxy.
31,I think my neighbor is stalking me as she's been googling my name on her computer. I saw it through my telescope last night.
32,"I changed my password to ""incorrect"". So whenever I forget what it is the computer will say ""Your password is incorrect""."
33,Moses had the first tablet that could connect to the cloud.
34,"The first computer dates back to Adam and Eve. It was an Apple with limited memory, just one byte. And then everything crashed."
35,A clean house is the sign of a broken computer.
36,Entered what I ate today into my new fitness app and it just sent an ambulance to my house.
37,"My mom said that if I don't get off my computer and do my homework she'll slam my head on the keyboard, but I think she's jokinfjreoiwjrtwe4to8rkljreun8f4ny84c8y4t58lym4wthylmhawt4mylt4amlathnatyn"
38,Maybe if we start telling people the brain is an app they will start using it.
39,"A computer once beat me at chess, but it was no match for me at kick boxing."
40,Q: What do you call the security outside of a Samsung Store? A: Guardians of the Galaxy.
41,I think my neighbor is stalking me as she's been googling my name on her computer. I saw it through my telescope last night.
42,"I changed my password to ""incorrect"". So whenever I forget what it is the computer will say ""Your password is incorrect""."
43,Moses had the first tablet that could connect to the cloud.
44,"The first computer dates back to Adam and Eve. It was an Apple with limited memory, just one byte. And then everything crashed."
45,A clean house is the sign of a broken computer.
46,Entered what I ate today into my new fitness app and it just sent an ambulance to my house.
47,"My mom said that if I don't get off my computer and do my homework she'll slam my head on the keyboard, but I think she's jokinfjreoiwjrtwe4to8rkljreun8f4ny84c8y4t58lym4wthylmhawt4mylt4amlathnatyn"
48,Maybe if we start telling people the brain is an app they will start using it.
49,"A computer once beat me at chess, but it was no match for me at kick boxing."
50,Q: What do you call the security outside of a Samsung Store? A: Guardians of the Galaxy.
51,I think my neighbor is stalking me as she's been googling my name on her computer. I saw it through my telescope last night.
52,"I changed my password to ""incorrect"". So whenever I forget what it is the computer will say ""Your password is incorrect""."
53,Moses had the first tablet that could connect to the cloud.
54,"The first computer dates back to Adam and Eve. It was an Apple with limited memory, just one byte. And then everything crashed."
55,A clean house is the sign of a broken computer.
56,Entered what I ate today into my new fitness app and it just sent an ambulance to my house.
57,"My mom said that if I don't get off my computer and do my homework she'll slam my head on the keyboard, but I think she's jokinfjreoiwjrtwe4to8rkljreun8f4ny84c8y4t58lym4wthylmhawt4mylt4amlathnatyn"
58,Maybe if we start telling people the brain is an app they will start using it.
59,"A computer once beat me at chess, but it was no match for me at kick boxing."
60,Q: What do you call the security outside of a Samsung Store? A: Guardians of the Galaxy.
61,I think my neighbor is stalking me as she's been googling my name on her computer. I saw it through my telescope last night.
62,"I changed my password to ""incorrect"". So whenever I forget what it is the computer will say ""Your password is incorrect""."
63,Moses had the first tablet that could connect to the cloud.
64,"The first computer dates back to Adam and Eve. It was an Apple with limited memory, just one byte. And then everything crashed."
65,A clean house is the sign of a broken computer.
66,Entered what I ate today into my new fitness app and it just sent an ambulance to my house.
67,"My mom said that if I don't get off my computer and do my homework she'll slam my head on the keyboard, but I think she's jokinfjreoiwjrtwe4to8rkljreun8f4ny84c8y4t58lym4wthylmhawt4mylt4amlathnatyn"
68,Maybe if we start telling people the brain is an app they will start using it.
69,"A computer once beat me at chess, but it was no match for me at kick boxing."
70,Q: What do you call the security outside of a Samsung Store? A: Guardians of the Galaxy.
71,I think my neighbor is stalking me as she's been googling my name on her computer. I saw it through my telescope last night.
72,"I changed my password to ""incorrect"". So whenever I forget what it is the computer will say ""Your password is incorrect""."
73,Moses had the first tablet that could connect to the cloud.
74,"The first computer dates back to Adam and Eve. It was an Apple with limited memory, just one byte. And then everything crashed."
75,A clean house is the sign of a broken computer.
76,Entered what I ate today into my new fitness app and it just sent an ambulance to my house.
77,"My mom said that if I don't get off my computer and do my homework she'll slam my head on the keyboard, but I think she's jokinfjreoiwjrtwe4to8rkljreun8f4ny84c8y4t58lym4wthylmhawt4mylt4amlathnatyn"
78,Maybe if we start telling people the brain is an app they will start using it.
79,"A computer once beat me at chess, but it was no match for me at kick boxing."
80,Q: What do you call the security outside of a Samsung Store? A: Guardians of the Galaxy.
81,I think my neighbor is stalking me as she's been googling my name on her computer. I saw it through my telescope last night.
82,"I changed my password to ""incorrect"". So whenever I forget what it is the computer will say ""Your password is incorrect""."
83,Moses had the first tablet that could connect to the cloud.
84,"The first computer dates back to Adam and Eve. It was an Apple with limited memory, just one byte. And then everything crashed."
85,A clean house is the sign of a broken computer.
86,Entered what I ate today into my new fitness app and it just sent an ambulance to my house.
87,"My mom said that if I don't get off my computer and do my homework she'll slam my head on the keyboard, but I think she's jokinfjreoiwjrtwe4to8rkljreun8f4ny84c8y4t58lym4wthylmhawt4mylt4amlathnatyn"
88,Maybe if we start telling people the brain is an app they will start using it.
89,"A computer once beat me at chess, but it was no match for me at kick boxing."
90,Q: What do you call the security outside of a Samsung Store? A: Guardians of the Galaxy.
91,I think my neighbor is stalking me as she's been googling my name on her computer. I saw it through my telescope last night.
92,"I changed my password to ""incorrect"". So whenever I forget what it is the computer will say ""Your password is incorrect""."
93,Moses had the first tablet that could connect to the cloud.
94,"The first computer dates back to Adam and Eve. It was an Apple with limited memory, just one byte. And then everything crashed."
95,A clean house is the sign of a broken computer.
96,Entered what I ate today into my new fitness app and it just sent an ambulance to my house.
97,"My mom said that if I don't get off my computer and do my homework she'll slam my head on the keyboard, but I think she's jokinfjreoiwjrtwe4to8rkljreun8f4ny84c8y4t58lym4wthylmhawt4mylt4amlathnatyn"
98,Maybe if we start telling people the brain is an app they will start using it.
99,"A computer once beat me at chess, but it was no match for me at kick boxing."
100,Q: What do you call the security outside of a Samsung Store? A: Guardians of the Galaxy.
101,I think my neighbor is stalking me as she's been googling my name on her computer. I saw it through my telescope last night.
102,"I changed my password to ""incorrect"". So whenever I forget what it is the computer will say ""Your password is incorrect""."
103,Moses had the first tablet that could connect to the cloud.
104,"The first computer dates back to Adam and Eve. It was an Apple with limited memory, just one byte. And then everything crashed."
105,A clean house is the sign of a broken computer.
106,Entered what I ate today into my new fitness app and it just sent an ambulance to my house.
107,"My mom said that if I don't get off my computer and do my homework she'll slam my head on the keyboard, but I think she's jokinfjreoiwjrtwe4to8rkljreun8f4ny84c8y4t58lym4wthylmhawt4mylt4amlathnatyn"
108,Maybe if we start telling people the brain is an app they will start using it.
109,"A computer once beat me at chess, but it was no match for me at kick boxing."
110,Q: What do you call the security outside of a Samsung Store? A: Guardians of the Galaxy.
111,I think my neighbor is stalking me as she's been googling my name on her computer. I saw it through my telescope last night.
112,"I changed my password to ""incorrect"". So whenever I forget what it is the computer will say ""Your password is incorrect""."
113,Moses had the first tablet that could connect to the cloud.
114,"The first computer dates back to Adam and Eve. It was an Apple with limited memory, just one byte. And then everything crashed."
115,A clean house is the sign of a broken computer.
116,Entered what I ate today into my new fitness app and it just sent an ambulance to my house.
117,"My mom said that if I don't get off my computer and do my homework she'll slam my head on the keyboard, but I think she's jokinfjreoiwjrtwe4to8rkljreun8f4ny84c8y4t58lym4wthylmhawt4mylt4amlathnatyn"
118,Maybe if we start telling people the brain is an app they will start using it.
119,"A computer once beat me at chess, but it was no match for me at kick boxing."
120,Q: What do you call the security outside of a Samsung Store? A: Guardians of the Galaxy.
121,I think my neighbor is stalking me as she's been googling my name on her computer. I saw it through my telescope last night.
122,"I changed my password to ""incorrect"". So whenever I forget what it is the computer will say ""Your password is incorrect""."
123,Moses had the first tablet that could connect to the cloud.
124,"The first computer dates back to Adam and Eve. It was an Apple with limited memory, just one byte. And then everything crashed."
125,A clean house is the sign of a broken computer.
126,Entered what I ate today into my new fitness app and it just sent an ambulance to my house.
127,"My mom said that if I don't get off my computer and do my homework she'll slam my head on the keyboard, but I think she's jokinfjreoiwjrtwe4to8rkljreun8f4ny84c8y4t58lym4wthylmhawt4mylt4amlathnatyn"
128,Maybe if we start telling people the brain is an app they will start using it.
129,"A computer once beat me at chess, but it was no match for me at kick boxing."
130,Q: What do you call the security outside of a Samsung Store? A: Guardians of the Galaxy.
131,I think my neighbor is stalking me as she's been googling my name on her computer. I saw it through my telescope last night.
132,"I changed my password to ""incorrect"". So whenever I forget what it is the computer will say ""Your password is incorrect""."
133,Moses had the first tablet that could connect to the cloud.
134,"The first computer dates back to Adam and Eve. It was an Apple with limited memory, just one byte. And then everything crashed."
135,A clean house is the sign of a broken computer.
136,Entered what I ate today into my new fitness app and it just sent an ambulance to my house.
137,"My mom said that if I don't get off my computer and do my homework she'll slam my head on the keyboard, but I think she's jokinfjreoiwjrtwe4to8rkljreun8f4ny84c8y4t58lym4wthylmhawt4mylt4amlathnatyn"
138,Maybe if we start telling people the brain is an app they will start using it.
139,"A computer once beat me at chess, but it was no match for me at kick boxing."
140,Q: What do you call the security outside of a Samsung Store? A: Guardians of the Galaxy.
141,I think my neighbor is stalking me as she's been googling my name on her computer. I saw it through my telescope last night.
142,"I changed my password to ""incorrect"". So whenever I forget what it is the computer will say ""Your password is incorrect""."
143,Moses had the first tablet that could connect to the cloud.
144,"The first computer dates back to Adam and Eve. It was an Apple with limited memory, just one byte. And then everything crashed."
145,A clean house is the sign of a broken computer.
146,Entered what I ate today into my new fitness app and it just sent an ambulance to my house.
147,"My mom said that if I don't get off my computer and do my homework she'll slam my head on the keyboard, but I think she's jokinfjreoiwjrtwe4to8rkljreun8f4ny84c8y4t58lym4wthylmhawt4mylt4amlathnatyn"
148,Maybe if we start telling people the brain is an app they will start using it.
149,"A computer once beat me at chess, but it was no match for me at kick boxing."
150,Q: What do you call the security outside of a Samsung Store? A: Guardians of the Galaxy.
151,I think my neighbor is stalking me as she's been googling my name on her computer. I saw it through my telescope last night.
152,"I changed my password to ""incorrect"". So whenever I forget what it is the computer will say ""Your password is incorrect""."
153,Moses had the first tablet that could connect to the cloud.
154,"The first computer dates back to Adam and Eve. It was an Apple with limited memory, just one byte. And then everything crashed."
155,A clean house is the sign of a broken computer.
156,Entered what I ate today into my new fitness app and it just sent an ambulance to my house.
157,"My mom said that if I don't get off my computer and do my homework she'll slam my head on the keyboard, but I think she's jokinfjreoiwjrtwe4to8rkljreun8f4ny84c8y4t58lym4wthylmhawt4mylt4amlathnatyn"
158,Maybe if we start telling people the brain is an app they will start using it.
159,"A computer once beat me at chess, but it was no match for me at kick boxing."
160,Q: What do you call the security outside of a Samsung Store? A: Guardians of the Galaxy.
161,I think my neighbor is stalking me as she's been googling my name on her computer. I saw it through my telescope last night.
162,"I changed my password to ""incorrect"". So whenever I forget what it is the computer will say ""Your password is incorrect""."
163,Moses had the first tablet that could connect to the cloud.
164,"The first computer dates back to Adam and Eve. It was an Apple with limited memory, just one byte. And then everything crashed."
165,A clean house is the sign of a broken computer.
166,Entered what I ate today into my new fitness app and it just sent an ambulance to my house.
167,"My mom said that if I don't get off my computer and do my homework she'll slam my head on the keyboard, but I think she's jokinfjreoiwjrtwe4to8rkljreun8f4ny84c8y4t58lym4wthylmhawt4mylt4amlathnatyn"
168,Maybe if we start telling people the brain is an app they will start using it.
169,"A computer once beat me at chess, but it was no match for me at kick boxing."
170,Q: What do you call the security outside of a Samsung Store? A: Guardians of the Galaxy.
171,I think my neighbor is stalking me as she's been googling my name on her computer. I saw it through my telescope last night.
172,"I changed my password to ""incorrect"". So whenever I forget what it is the computer will say ""Your password is incorrect""."
173,Moses had the first tablet that could connect to the cloud.
174,"The first computer dates back to Adam and Eve. It was an Apple with limited memory, just one byte. And then everything crashed."
175,A clean house is the sign of a broken computer.
176,Entered what I ate today into my new fitness app and it just sent an ambulance to my house.
177,"My mom said that if I don't get off my computer and do my homework she'll slam my head on the keyboard, but I think she's jokinfjreoiwjrtwe4to8rkljreun8f4ny84c8y4t58lym4wthylmhawt4mylt4amlathnatyn"
178,Maybe if we start telling people the brain is an app they will start using it.
179,"A computer once beat me at chess, but it was no match for me at kick boxing."
180,Q: What do you call the security outside of a Samsung Store? A: Guardians of the Galaxy.
181,I think my neighbor is stalking me as she's been googling my name on her computer. I saw it through my telescope last night.
182,"I changed my password to ""incorrect"". So whenever I forget what it is the computer will say ""Your password is incorrect""."
183,Moses had the first tablet that could connect to the cloud.
184,"The first computer dates back to Adam and Eve. It was an Apple with limited memory, just one byte. And then everything crashed."
185,A clean house is the sign of a broken computer.
186,Entered what I ate today into my new fitness app and it just sent an ambulance to my house.
187,"My mom said that if I don't get off my computer and do my homework she'll slam my head on the keyboard, but I think she's jokinfjreoiwjrtwe4to8rkljreun8f4ny84c8y4t58lym4wthylmhawt4mylt4amlathnatyn"
188,Maybe if we start telling people the brain is an app they will start using it.
189,"A computer once beat me at chess, but it was no match for me at kick boxing."
190,Q: What do you call the security outside of a Samsung Store? A: Guardians of the Galaxy.
191,I think my neighbor is stalking me as she's been googling my name on her computer. I saw it through my telescope last night.
192,"I changed my password to ""incorrect"". So whenever I forget what it is the computer will say ""Your password is incorrect""."
193,Moses had the first tablet that could connect to the cloud.
194,"The first computer dates back to Adam and Eve. It was an Apple with limited memory, just one byte. And then everything crashed."
195,A clean house is the sign of a broken computer.
196,Entered what I ate today into my new fitness app and it just sent an ambulance to my house.
197,"My mom said that if I don't get off my computer and do my homework she'll slam my head on the keyboard, but I think she's jokinfjreoiwjrtwe4to8rkljreun8f4ny84c8y4t58lym4wthylmhawt4mylt4amlathnatyn"
198,Maybe if we start telling people the brain is an app they will start using it.
199,"A computer once beat me at chess, but it was no match for me at kick boxing."
200,Q: What do you call the security outside of a Samsung Store? A: Guardians of the Galaxy.
201,I think my neighbor is stalking me as she's been googling my name on her computer. I saw it through my telescope last night.
202,"I changed my password to ""incorrect"". So whenever I forget what it is the computer will say ""Your password is incorrect""."
203,Moses had the first tablet that could connect to the cloud.
204,"The first computer dates back to Adam and Eve. It was an Apple with limited memory, just one byte. And then everything crashed."
205,A clean house is the sign of a broken computer.
206,Entered what I ate today into my new fitness app and it just sent an ambulance to my house.
207,"My mom said that if I don't get off my computer and do my homework she'll slam my head on the keyboard, but I think she's jokinfjreoiwjrtwe4to8rkljreun8f4ny84c8y4t58lym4wthylmhawt4mylt4amlathnatyn"
208,Maybe if we start telling people the brain is an app they will start using it.
209,"A computer once beat me at chess, but it was no match for me at kick boxing."
210,Q: What do you call the security outside of a Samsung Store? A: Guardians of the Galaxy.
211,"What is the difference between ""ooooooh""and ""aaaaaaah""? About three inches."
212,I'm emotionally constipated. I haven't given a shit in days.
213,"One day, a little boy wrote to Santa Clause, ""Please send me a sister."" Santa Clause wrote him back, ""Ok, send me your mother."""
214,"If a woman sleeps with 10 men she's a slut, but if a man does it… He's gay, definitely gay."
215,Why men's voice is louder than women? Men have an antenna.
216,"What did the elephant say to the naked man? ""How do you breathe through that tiny thing?"""
217,"If sex is a pain in the ass, then you're doing it wrong ..."
218,I've been taking Viagra for my sunburn. It doesn't cure it but it keeps the sheets off my legs at night.
219,"If a guy remembers the color of your eyes after the first date, chances are... you have small boobs."
220,Women might be able to fake orgasms. But men can fake a whole relationship.
221,"What is the difference between ""ooooooh""and ""aaaaaaah""? About three inches."
222,I'm emotionally constipated. I haven't given a shit in days.
223,"One day, a little boy wrote to Santa Clause, ""Please send me a sister."" Santa Clause wrote him back, ""Ok, send me your mother."""
224,"If a woman sleeps with 10 men she's a slut, but if a man does it… He's gay, definitely gay."
225,Why men's voice is louder than women? Men have an antenna.
226,"What did the elephant say to the naked man? ""How do you breathe through that tiny thing?"""
227,"If sex is a pain in the ass, then you're doing it wrong ..."
228,I've been taking Viagra for my sunburn. It doesn't cure it but it keeps the sheets off my legs at night.
229,"If a guy remembers the color of your eyes after the first date, chances are... you have small boobs."
230,Women might be able to fake orgasms. But men can fake a whole relationship.
231,"What is the difference between ""ooooooh""and ""aaaaaaah""? About three inches."
232,I'm emotionally constipated. I haven't given a shit in days.
233,"One day, a little boy wrote to Santa Clause, ""Please send me a sister."" Santa Clause wrote him back, ""Ok, send me your mother."""
234,"If a woman sleeps with 10 men she's a slut, but if a man does it… He's gay, definitely gay."
235,Why men's voice is louder than women? Men have an antenna.
236,"What did the elephant say to the naked man? ""How do you breathe through that tiny thing?"""
237,"If sex is a pain in the ass, then you're doing it wrong ..."
238,I've been taking Viagra for my sunburn. It doesn't cure it but it keeps the sheets off my legs at night.
239,"If a guy remembers the color of your eyes after the first date, chances are... you have small boobs."
240,Women might be able to fake orgasms. But men can fake a whole relationship.
241,"What is the difference between ""ooooooh""and ""aaaaaaah""? About three inches."
242,I'm emotionally constipated. I haven't given a shit in days.
243,"One day, a little boy wrote to Santa Clause, ""Please send me a sister."" Santa Clause wrote him back, ""Ok, send me your mother."""
244,"If a woman sleeps with 10 men she's a slut, but if a man does it… He's gay, definitely gay."
245,Why men's voice is louder than women? Men have an antenna.
246,"What did the elephant say to the naked man? ""How do you breathe through that tiny thing?"""
247,"If sex is a pain in the ass, then you're doing it wrong ..."
248,I've been taking Viagra for my sunburn. It doesn't cure it but it keeps the sheets off my legs at night.
249,"If a guy remembers the color of your eyes after the first date, chances are... you have small boobs."
250,Women might be able to fake orgasms. But men can fake a whole relationship.
251,"What is the difference between ""ooooooh""and ""aaaaaaah""? About three inches."
252,I'm emotionally constipated. I haven't given a shit in days.
253,"One day, a little boy wrote to Santa Clause, ""Please send me a sister."" Santa Clause wrote him back, ""Ok, send me your mother."""
254,"If a woman sleeps with 10 men she's a slut, but if a man does it… He's gay, definitely gay."
255,Why men's voice is louder than women? Men have an antenna.
256,"What did the elephant say to the naked man? ""How do you breathe through that tiny thing?"""
257,"If sex is a pain in the ass, then you're doing it wrong ..."
258,I've been taking Viagra for my sunburn. It doesn't cure it but it keeps the sheets off my legs at night.
259,"If a guy remembers the color of your eyes after the first date, chances are... you have small boobs."
260,Women might be able to fake orgasms. But men can fake a whole relationship.
261,"What is the difference between ""ooooooh""and ""aaaaaaah""? About three inches."
262,I'm emotionally constipated. I haven't given a shit in days.
263,"One day, a little boy wrote to Santa Clause, ""Please send me a sister."" Santa Clause wrote him back, ""Ok, send me your mother."""
264,"If a woman sleeps with 10 men she's a slut, but if a man does it… He's gay, definitely gay."
265,Why men's voice is louder than women? Men have an antenna.
266,"What did the elephant say to the naked man? ""How do you breathe through that tiny thing?"""
267,"If sex is a pain in the ass, then you're doing it wrong ..."
268,I've been taking Viagra for my sunburn. It doesn't cure it but it keeps the sheets off my legs at night.
269,"If a guy remembers the color of your eyes after the first date, chances are... you have small boobs."
270,Women might be able to fake orgasms. But men can fake a whole relationship.
271,"What is the difference between ""ooooooh""and ""aaaaaaah""? About three inches."
272,I'm emotionally constipated. I haven't given a shit in days.
273,"One day, a little boy wrote to Santa Clause, ""Please send me a sister."" Santa Clause wrote him back, ""Ok, send me your mother."""
274,"If a woman sleeps with 10 men she's a slut, but if a man does it… He's gay, definitely gay."
275,Why men's voice is louder than women? Men have an antenna.
276,"What did the elephant say to the naked man? ""How do you breathe through that tiny thing?"""
277,"If sex is a pain in the ass, then you're doing it wrong ..."
278,I've been taking Viagra for my sunburn. It doesn't cure it but it keeps the sheets off my legs at night.
279,"If a guy remembers the color of your eyes after the first date, chances are... you have small boobs."
280,Women might be able to fake orgasms. But men can fake a whole relationship.
281,"What is the difference between ""ooooooh""and ""aaaaaaah""? About three inches."
282,I'm emotionally constipated. I haven't given a shit in days.
283,"One day, a little boy wrote to Santa Clause, ""Please send me a sister."" Santa Clause wrote him back, ""Ok, send me your mother."""
284,"If a woman sleeps with 10 men she's a slut, but if a man does it… He's gay, definitely gay."
285,Why men's voice is louder than women? Men have an antenna.
286,"What did the elephant say to the naked man? ""How do you breathe through that tiny thing?"""
287,"If sex is a pain in the ass, then you're doing it wrong ..."
288,I've been taking Viagra for my sunburn. It doesn't cure it but it keeps the sheets off my legs at night.
289,"If a guy remembers the color of your eyes after the first date, chances are... you have small boobs."
290,Women might be able to fake orgasms. But men can fake a whole relationship.
291,"What is the difference between ""ooooooh""and ""aaaaaaah""? About three inches."
292,I'm emotionally constipated. I haven't given a shit in days.
293,"One day, a little boy wrote to Santa Clause, ""Please send me a sister."" Santa Clause wrote him back, ""Ok, send me your mother."""
294,"If a woman sleeps with 10 men she's a slut, but if a man does it… He's gay, definitely gay."
295,Why men's voice is louder than women? Men have an antenna.
296,"What did the elephant say to the naked man? ""How do you breathe through that tiny thing?"""
297,"If sex is a pain in the ass, then you're doing it wrong ..."
298,I've been taking Viagra for my sunburn. It doesn't cure it but it keeps the sheets off my legs at night.
299,"If a guy remembers the color of your eyes after the first date, chances are... you have small boobs."
300,Women might be able to fake orgasms. But men can fake a whole relationship.
301,"What is the difference between ""ooooooh""and ""aaaaaaah""? About three inches."
302,I'm emotionally constipated. I haven't given a shit in days.
303,"One day, a little boy wrote to Santa Clause, ""Please send me a sister."" Santa Clause wrote him back, ""Ok, send me your mother."""
304,"If a woman sleeps with 10 men she's a slut, but if a man does it… He's gay, definitely gay."
305,Why men's voice is louder than women? Men have an antenna.
306,"What did the elephant say to the naked man? ""How do you breathe through that tiny thing?"""
307,"If sex is a pain in the ass, then you're doing it wrong ..."
308,I've been taking Viagra for my sunburn. It doesn't cure it but it keeps the sheets off my legs at night.
309,"If a guy remembers the color of your eyes after the first date, chances are... you have small boobs."
310,Women might be able to fake orgasms. But men can fake a whole relationship.
311,"What is the difference between ""ooooooh""and ""aaaaaaah""? About three inches."
312,I'm emotionally constipated. I haven't given a shit in days.
313,"One day, a little boy wrote to Santa Clause, ""Please send me a sister."" Santa Clause wrote him back, ""Ok, send me your mother."""
314,"If a woman sleeps with 10 men she's a slut, but if a man does it… He's gay, definitely gay."
315,Why men's voice is louder than women? Men have an antenna.
316,"What did the elephant say to the naked man? ""How do you breathe through that tiny thing?"""
317,"If sex is a pain in the ass, then you're doing it wrong ..."
318,I've been taking Viagra for my sunburn. It doesn't cure it but it keeps the sheets off my legs at night.
319,"If a guy remembers the color of your eyes after the first date, chances are... you have small boobs."
320,Women might be able to fake orgasms. But men can fake a whole relationship.
321,"What is the difference between ""ooooooh""and ""aaaaaaah""? About three inches."
322,I'm emotionally constipated. I haven't given a shit in days.
323,"One day, a little boy wrote to Santa Clause, ""Please send me a sister."" Santa Clause wrote him back, ""Ok, send me your mother."""
324,"If a woman sleeps with 10 men she's a slut, but if a man does it… He's gay, definitely gay."
325,Why men's voice is louder than women? Men have an antenna.
326,"What did the elephant say to the naked man? ""How do you breathe through that tiny thing?"""
327,"If sex is a pain in the ass, then you're doing it wrong ..."
328,I've been taking Viagra for my sunburn. It doesn't cure it but it keeps the sheets off my legs at night.
329,"If a guy remembers the color of your eyes after the first date, chances are... you have small boobs."
330,Women might be able to fake orgasms. But men can fake a whole relationship.
331,"What is the difference between ""ooooooh""and ""aaaaaaah""? About three inches."
332,I'm emotionally constipated. I haven't given a shit in days.
333,"One day, a little boy wrote to Santa Clause, ""Please send me a sister."" Santa Clause wrote him back, ""Ok, send me your mother."""
334,"If a woman sleeps with 10 men she's a slut, but if a man does it… He's gay, definitely gay."
335,Why men's voice is louder than women? Men have an antenna.
336,"What did the elephant say to the naked man? ""How do you breathe through that tiny thing?"""
337,"If sex is a pain in the ass, then you're doing it wrong ..."
338,I've been taking Viagra for my sunburn. It doesn't cure it but it keeps the sheets off my legs at night.
339,"If a guy remembers the color of your eyes after the first date, chances are... you have small boobs."
340,Women might be able to fake orgasms. But men can fake a whole relationship.
341,"What is the difference between ""ooooooh""and ""aaaaaaah""? About three inches."
342,I'm emotionally constipated. I haven't given a shit in days.
343,"One day, a little boy wrote to Santa Clause, ""Please send me a sister."" Santa Clause wrote him back, ""Ok, send me your mother."""
344,"If a woman sleeps with 10 men she's a slut, but if a man does it… He's gay, definitely gay."
345,Why men's voice is louder than women? Men have an antenna.
346,"What did the elephant say to the naked man? ""How do you breathe through that tiny thing?"""
347,"If sex is a pain in the ass, then you're doing it wrong ..."
348,I've been taking Viagra for my sunburn. It doesn't cure it but it keeps the sheets off my legs at night.
349,"If a guy remembers the color of your eyes after the first date, chances are... you have small boobs."
350,Women might be able to fake orgasms. But men can fake a whole relationship.
351,"What is the difference between ""ooooooh""and ""aaaaaaah""? About three inches."
352,I'm emotionally constipated. I haven't given a shit in days.
353,"One day, a little boy wrote to Santa Clause, ""Please send me a sister."" Santa Clause wrote him back, ""Ok, send me your mother."""
354,"If a woman sleeps with 10 men she's a slut, but if a man does it… He's gay, definitely gay."
355,Why men's voice is louder than women? Men have an antenna.
356,"What did the elephant say to the naked man? ""How do you breathe through that tiny thing?"""
357,"If sex is a pain in the ass, then you're doing it wrong ..."
358,I've been taking Viagra for my sunburn. It doesn't cure it but it keeps the sheets off my legs at night.
359,"If a guy remembers the color of your eyes after the first date, chances are... you have small boobs."
360,Women might be able to fake orgasms. But men can fake a whole relationship.
361,"What is the difference between ""ooooooh""and ""aaaaaaah""? About three inches."
362,I'm emotionally constipated. I haven't given a shit in days.
363,"One day, a little boy wrote to Santa Clause, ""Please send me a sister."" Santa Clause wrote him back, ""Ok, send me your mother."""
364,"If a woman sleeps with 10 men she's a slut, but if a man does it… He's gay, definitely gay."
365,Why men's voice is louder than women? Men have an antenna.
366,"What did the elephant say to the naked man? ""How do you breathe through that tiny thing?"""
367,"If sex is a pain in the ass, then you're doing it wrong ..."
368,I've been taking Viagra for my sunburn. It doesn't cure it but it keeps the sheets off my legs at night.
369,"If a guy remembers the color of your eyes after the first date, chances are... you have small boobs."
370,Women might be able to fake orgasms. But men can fake a whole relationship.
371,"What is the difference between ""ooooooh""and ""aaaaaaah""? About three inches."
372,I'm emotionally constipated. I haven't given a shit in days.
373,"One day, a little boy wrote to Santa Clause, ""Please send me a sister."" Santa Clause wrote him back, ""Ok, send me your mother."""
374,"If a woman sleeps with 10 men she's a slut, but if a man does it… He's gay, definitely gay."
375,Why men's voice is louder than women? Men have an antenna.
376,"What did the elephant say to the naked man? ""How do you breathe through that tiny thing?"""
377,"If sex is a pain in the ass, then you're doing it wrong ..."
378,I've been taking Viagra for my sunburn. It doesn't cure it but it keeps the sheets off my legs at night.
379,"If a guy remembers the color of your eyes after the first date, chances are... you have small boobs."
380,Women might be able to fake orgasms. But men can fake a whole relationship.
381,"What is the difference between ""ooooooh""and ""aaaaaaah""? About three inches."
382,I'm emotionally constipated. I haven't given a shit in days.
383,"One day, a little boy wrote to Santa Clause, ""Please send me a sister."" Santa Clause wrote him back, ""Ok, send me your mother."""
384,"If a woman sleeps with 10 men she's a slut, but if a man does it… He's gay, definitely gay."
385,Why men's voice is louder than women? Men have an antenna.
386,"What did the elephant say to the naked man? ""How do you breathe through that tiny thing?"""
387,"If sex is a pain in the ass, then you're doing it wrong ..."
388,I've been taking Viagra for my sunburn. It doesn't cure it but it keeps the sheets off my legs at night.
389,"If a guy remembers the color of your eyes after the first date, chances are... you have small boobs."
390,Women might be able to fake orgasms. But men can fake a whole relationship.
391,"What is the difference between ""ooooooh""and ""aaaaaaah""? About three inches."
392,I'm emotionally constipated. I haven't given a shit in days.
393,"One day, a little boy wrote to Santa Clause, ""Please send me a sister."" Santa Clause wrote him back, ""Ok, send me your mother."""
394,"If a woman sleeps with 10 men she's a slut, but if a man does it… He's gay, definitely gay."
395,Why men's voice is louder than women? Men have an antenna.
396,"What did the elephant say to the naked man? ""How do you breathe through that tiny thing?"""
397,"If sex is a pain in the ass, then you're doing it wrong ..."
398,I've been taking Viagra for my sunburn. It doesn't cure it but it keeps the sheets off my legs at night.
399,"If a guy remembers the color of your eyes after the first date, chances are... you have small boobs."
400,Women might be able to fake orgasms. But men can fake a whole relationship.
401,"What is the difference between ""ooooooh""and ""aaaaaaah""? About three inches."
402,I'm emotionally constipated. I haven't given a shit in days.
403,"One day, a little boy wrote to Santa Clause, ""Please send me a sister."" Santa Clause wrote him back, ""Ok, send me your mother."""
404,"If a woman sleeps with 10 men she's a slut, but if a man does it… He's gay, definitely gay."
405,Why men's voice is louder than women? Men have an antenna.
406,"What did the elephant say to the naked man? ""How do you breathe through that tiny thing?"""
407,"If sex is a pain in the ass, then you're doing it wrong ..."
408,I've been taking Viagra for my sunburn. It doesn't cure it but it keeps the sheets off my legs at night.
409,"If a guy remembers the color of your eyes after the first date, chances are... you have small boobs."
410,Women might be able to fake orgasms. But men can fake a whole relationship.
411,"What is the difference between ""ooooooh""and ""aaaaaaah""? About three inches."
412,I'm emotionally constipated. I haven't given a shit in days.
413,"One day, a little boy wrote to Santa Clause, ""Please send me a sister."" Santa Clause wrote him back, ""Ok, send me your mother."""
414,"If a woman sleeps with 10 men she's a slut, but if a man does it… He's gay, definitely gay."
415,Why men's voice is louder than women? Men have an antenna.
416,"What did the elephant say to the naked man? ""How do you breathe through that tiny thing?"""
417,"If sex is a pain in the ass, then you're doing it wrong ..."
418,I've been taking Viagra for my sunburn. It doesn't cure it but it keeps the sheets off my legs at night.
419,"If a guy remembers the color of your eyes after the first date, chances are... you have small boobs."
420,Women might be able to fake orgasms. But men can fake a whole relationship.
421,"What is the difference between ""ooooooh""and ""aaaaaaah""? About three inches."
422,I'm emotionally constipated. I haven't given a shit in days.
423,"One day, a little boy wrote to Santa Clause, ""Please send me a sister."" Santa Clause wrote him back, ""Ok, send me your mother."""
424,"If a woman sleeps with 10 men she's a slut, but if a man does it… He's gay, definitely gay."
425,Why men's voice is louder than women? Men have an antenna.
426,"What did the elephant say to the naked man? ""How do you breathe through that tiny thing?"""
427,"If sex is a pain in the ass, then you're doing it wrong ..."
428,I've been taking Viagra for my sunburn. It doesn't cure it but it keeps the sheets off my legs at night.
429,"If a guy remembers the color of your eyes after the first date, chances are... you have small boobs."
430,Women might be able to fake orgasms. But men can fake a whole relationship.
431,"What is the difference between ""ooooooh""and ""aaaaaaah""? About three inches."
432,I'm emotionally constipated. I haven't given a shit in days.
433,"One day, a little boy wrote to Santa Clause, ""Please send me a sister."" Santa Clause wrote him back, ""Ok, send me your mother."""
434,"If a woman sleeps with 10 men she's a slut, but if a man does it… He's gay, definitely gay."
435,Why men's voice is louder than women? Men have an antenna.
436,"What did the elephant say to the naked man? ""How do you breathe through that tiny thing?"""
437,"If sex is a pain in the ass, then you're doing it wrong ..."
438,I've been taking Viagra for my sunburn. It doesn't cure it but it keeps the sheets off my legs at night.
439,"If a guy remembers the color of your eyes after the first date, chances are... you have small boobs."
440,Women might be able to fake orgasms. But men can fake a whole relationship.
441,"What is the difference between ""ooooooh""and ""aaaaaaah""? About three inches."
442,I'm emotionally constipated. I haven't given a shit in days.
443,"One day, a little boy wrote to Santa Clause, ""Please send me a sister."" Santa Clause wrote him back, ""Ok, send me your mother."""
444,"If a woman sleeps with 10 men she's a slut, but if a man does it… He's gay, definitely gay."
445,Why men's voice is louder than women? Men have an antenna.
446,"What did the elephant say to the naked man? ""How do you breathe through that tiny thing?"""
447,"If sex is a pain in the ass, then you're doing it wrong ..."
448,I've been taking Viagra for my sunburn. It doesn't cure it but it keeps the sheets off my legs at night.
449,"If a guy remembers the color of your eyes after the first date, chances are... you have small boobs."
450,Women might be able to fake orgasms. But men can fake a whole relationship.
451,"What is the difference between ""ooooooh""and ""aaaaaaah""? About three inches."
452,I'm emotionally constipated. I haven't given a shit in days.
453,"One day, a little boy wrote to Santa Clause, ""Please send me a sister."" Santa Clause wrote him back, ""Ok, send me your mother."""
454,"If a woman sleeps with 10 men she's a slut, but if a man does it… He's gay, definitely gay."
455,Why men's voice is louder than women? Men have an antenna.
456,"What did the elephant say to the naked man? ""How do you breathe through that tiny thing?"""
457,"If sex is a pain in the ass, then you're doing it wrong ..."
458,I've been taking Viagra for my sunburn. It doesn't cure it but it keeps the sheets off my legs at night.
459,"If a guy remembers the color of your eyes after the first date, chances are... you have small boobs."
460,Women might be able to fake orgasms. But men can fake a whole relationship.
461,"What is the difference between ""ooooooh""and ""aaaaaaah""? About three inches."
462,I'm emotionally constipated. I haven't given a shit in days.
463,"One day, a little boy wrote to Santa Clause, ""Please send me a sister."" Santa Clause wrote him back, ""Ok, send me your mother."""
464,"If a woman sleeps with 10 men she's a slut, but if a man does it… He's gay, definitely gay."
465,Why men's voice is louder than women? Men have an antenna.
466,"What did the elephant say to the naked man? ""How do you breathe through that tiny thing?"""
467,"If sex is a pain in the ass, then you're doing it wrong ..."
468,I've been taking Viagra for my sunburn. It doesn't cure it but it keeps the sheets off my legs at night.
469,"If a guy remembers the color of your eyes after the first date, chances are... you have small boobs."
470,Women might be able to fake orgasms. But men can fake a whole relationship.
471,"What is the difference between ""ooooooh""and ""aaaaaaah""? About three inches."
472,I'm emotionally constipated. I haven't given a shit in days.
473,"One day, a little boy wrote to Santa Clause, ""Please send me a sister."" Santa Clause wrote him back, ""Ok, send me your mother."""
474,"If a woman sleeps with 10 men she's a slut, but if a man does it… He's gay, definitely gay."
475,Why men's voice is louder than women? Men have an antenna.
476,"What did the elephant say to the naked man? ""How do you breathe through that tiny thing?"""
477,"If sex is a pain in the ass, then you're doing it wrong ..."
478,I've been taking Viagra for my sunburn. It doesn't cure it but it keeps the sheets off my legs at night.
479,"If a guy remembers the color of your eyes after the first date, chances are... you have small boobs."
480,Women might be able to fake orgasms. But men can fake a whole relationship.
481,"What is the difference between ""ooooooh""and ""aaaaaaah""? About three inches."
482,I'm emotionally constipated. I haven't given a shit in days.
483,"One day, a little boy wrote to Santa Clause, ""Please send me a sister."" Santa Clause wrote him back, ""Ok, send me your mother."""
484,"If a woman sleeps with 10 men she's a slut, but if a man does it… He's gay, definitely gay."
485,Why men's voice is louder than women? Men have an antenna.
486,"What did the elephant say to the naked man? ""How do you breathe through that tiny thing?"""
487,"If sex is a pain in the ass, then you're doing it wrong ..."
488,I've been taking Viagra for my sunburn. It doesn't cure it but it keeps the sheets off my legs at night.
489,"If a guy remembers the color of your eyes after the first date, chances are... you have small boobs."
490,Women might be able to fake orgasms. But men can fake a whole relationship.
491,"What is the difference between ""ooooooh""and ""aaaaaaah""? About three inches."
492,I'm emotionally constipated. I haven't given a shit in days.
493,"One day, a little boy wrote to Santa Clause, ""Please send me a sister."" Santa Clause wrote him back, ""Ok, send me your mother."""
494,"If a woman sleeps with 10 men she's a slut, but if a man does it… He's gay, definitely gay."
495,Why men's voice is louder than women? Men have an antenna.
496,"What did the elephant say to the naked man? ""How do you breathe through that tiny thing?"""
497,"If sex is a pain in the ass, then you're doing it wrong ..."
498,I've been taking Viagra for my sunburn. It doesn't cure it but it keeps the sheets off my legs at night.
499,"If a guy remembers the color of your eyes after the first date, chances are... you have small boobs."
500,Women might be able to fake orgasms. But men can fake a whole relationship.
501,"What is the difference between ""ooooooh""and ""aaaaaaah""? About three inches."
502,I'm emotionally constipated. I haven't given a shit in days.
503,"One day, a little boy wrote to Santa Clause, ""Please send me a sister."" Santa Clause wrote him back, ""Ok, send me your mother."""
504,"If a woman sleeps with 10 men she's a slut, but if a man does it… He's gay, definitely gay."
505,Why men's voice is louder than women? Men have an antenna.
506,"What did the elephant say to the naked man? ""How do you breathe through that tiny thing?"""
507,"If sex is a pain in the ass, then you're doing it wrong ..."
508,I've been taking Viagra for my sunburn. It doesn't cure it but it keeps the sheets off my legs at night.
509,"If a guy remembers the color of your eyes after the first date, chances are... you have small boobs."
510,Women might be able to fake orgasms. But men can fake a whole relationship.
511,"What is the difference between ""ooooooh""and ""aaaaaaah""? About three inches."
512,I'm emotionally constipated. I haven't given a shit in days.
513,"One day, a little boy wrote to Santa Clause, ""Please send me a sister."" Santa Clause wrote him back, ""Ok, send me your mother."""
514,"If a woman sleeps with 10 men she's a slut, but if a man does it… He's gay, definitely gay."
515,Why men's voice is louder than women? Men have an antenna.
516,"What did the elephant say to the naked man? ""How do you breathe through that tiny thing?"""
517,"If sex is a pain in the ass, then you're doing it wrong ..."
518,I've been taking Viagra for my sunburn. It doesn't cure it but it keeps the sheets off my legs at night.
519,"If a guy remembers the color of your eyes after the first date, chances are... you have small boobs."
520,Women might be able to fake orgasms. But men can fake a whole relationship.
521,"What is the difference between ""ooooooh""and ""aaaaaaah""? About three inches."
522,I'm emotionally constipated. I haven't given a shit in days.
523,"One day, a little boy wrote to Santa Clause, ""Please send me a sister."" Santa Clause wrote him back, ""Ok, send me your mother."""
524,"If a woman sleeps with 10 men she's a slut, but if a man does it… He's gay, definitely gay."
525,Why men's voice is louder than women? Men have an antenna.
526,"What did the elephant say to the naked man? ""How do you breathe through that tiny thing?"""
527,"If sex is a pain in the ass, then you're doing it wrong ..."
528,I've been taking Viagra for my sunburn. It doesn't cure it but it keeps the sheets off my legs at night.
529,"If a guy remembers the color of your eyes after the first date, chances are... you have small boobs."
530,Women might be able to fake orgasms. But men can fake a whole relationship.
531,"What is the difference between ""ooooooh""and ""aaaaaaah""? About three inches."
532,I'm emotionally constipated. I haven't given a shit in days.
533,"One day, a little boy wrote to Santa Clause, ""Please send me a sister."" Santa Clause wrote him back, ""Ok, send me your mother."""
534,"If a woman sleeps with 10 men she's a slut, but if a man does it… He's gay, definitely gay."
535,Why men's voice is louder than women? Men have an antenna.
536,"What did the elephant say to the naked man? ""How do you breathe through that tiny thing?"""
537,"If sex is a pain in the ass, then you're doing it wrong ..."
538,I've been taking Viagra for my sunburn. It doesn't cure it but it keeps the sheets off my legs at night.
539,"If a guy remembers the color of your eyes after the first date, chances are... you have small boobs."
540,Women might be able to fake orgasms. But men can fake a whole relationship.
541,"What is the difference between ""ooooooh""and ""aaaaaaah""? About three inches."
542,I'm emotionally constipated. I haven't given a shit in days.
543,"One day, a little boy wrote to Santa Clause, ""Please send me a sister."" Santa Clause wrote him back, ""Ok, send me your mother."""
544,"If a woman sleeps with 10 men she's a slut, but if a man does it… He's gay, definitely gay."
545,Why men's voice is louder than women? Men have an antenna.
546,"What did the elephant say to the naked man? ""How do you breathe through that tiny thing?"""
547,"If sex is a pain in the ass, then you're doing it wrong ..."
548,I've been taking Viagra for my sunburn. It doesn't cure it but it keeps the sheets off my legs at night.
549,"If a guy remembers the color of your eyes after the first date, chances are... you have small boobs."
550,Women might be able to fake orgasms. But men can fake a whole relationship.
551,"What is the difference between ""ooooooh""and ""aaaaaaah""? About three inches."
552,I'm emotionally constipated. I haven't given a shit in days.
553,"One day, a little boy wrote to Santa Clause, ""Please send me a sister."" Santa Clause wrote him back, ""Ok, send me your mother."""
554,"If a woman sleeps with 10 men she's a slut, but if a man does it… He's gay, definitely gay."
555,Why men's voice is louder than women? Men have an antenna.
556,"What did the elephant say to the naked man? ""How do you breathe through that tiny thing?"""
557,"If sex is a pain in the ass, then you're doing it wrong ..."
558,I've been taking Viagra for my sunburn. It doesn't cure it but it keeps the sheets off my legs at night.
559,"If a guy remembers the color of your eyes after the first date, chances are... you have small boobs."
560,Women might be able to fake orgasms. But men can fake a whole relationship.
561,"What is the difference between ""ooooooh""and ""aaaaaaah""? About three inches."
562,I'm emotionally constipated. I haven't given a shit in days.
563,"One day, a little boy wrote to Santa Clause, ""Please send me a sister."" Santa Clause wrote him back, ""Ok, send me your mother."""
564,"If a woman sleeps with 10 men she's a slut, but if a man does it… He's gay, definitely gay."
565,Why men's voice is louder than women? Men have an antenna.
566,"What did the elephant say to the naked man? ""How do you breathe through that tiny thing?"""
567,"If sex is a pain in the ass, then you're doing it wrong ..."
568,I've been taking Viagra for my sunburn. It doesn't cure it but it keeps the sheets off my legs at night.
569,"If a guy remembers the color of your eyes after the first date, chances are... you have small boobs."
570,Women might be able to fake orgasms. But men can fake a whole relationship.
571,"What is the difference between ""ooooooh""and ""aaaaaaah""? About three inches."
572,I'm emotionally constipated. I haven't given a shit in days.
573,"One day, a little boy wrote to Santa Clause, ""Please send me a sister."" Santa Clause wrote him back, ""Ok, send me your mother."""
574,"If a woman sleeps with 10 men she's a slut, but if a man does it… He's gay, definitely gay."
575,Why men's voice is louder than women? Men have an antenna.
576,"What did the elephant say to the naked man? ""How do you breathe through that tiny thing?"""
577,"If sex is a pain in the ass, then you're doing it wrong ..."
578,I've been taking Viagra for my sunburn. It doesn't cure it but it keeps the sheets off my legs at night.
579,"If a guy remembers the color of your eyes after the first date, chances are... you have small boobs."
580,Women might be able to fake orgasms. But men can fake a whole relationship.
581,"What is the difference between ""ooooooh""and ""aaaaaaah""? About three inches."
582,I'm emotionally constipated. I haven't given a shit in days.
583,"One day, a little boy wrote to Santa Clause, ""Please send me a sister."" Santa Clause wrote him back, ""Ok, send me your mother."""
584,"If a woman sleeps with 10 men she's a slut, but if a man does it… He's gay, definitely gay."
585,Why men's voice is louder than women? Men have an antenna.
586,"What did the elephant say to the naked man? ""How do you breathe through that tiny thing?"""
587,"If sex is a pain in the ass, then you're doing it wrong ..."
588,I've been taking Viagra for my sunburn. It doesn't cure it but it keeps the sheets off my legs at night.
589,"If a guy remembers the color of your eyes after the first date, chances are... you have small boobs."
590,Women might be able to fake orgasms. But men can fake a whole relationship.
591,"What is the difference between ""ooooooh""and ""aaaaaaah""? About three inches."
592,I'm emotionally constipated. I haven't given a shit in days.
593,"One day, a little boy wrote to Santa Clause, ""Please send me a sister."" Santa Clause wrote him back, ""Ok, send me your mother."""
594,"If a woman sleeps with 10 men she's a slut, but if a man does it… He's gay, definitely gay."
595,Why men's voice is louder than women? Men have an antenna.
596,"What did the elephant say to the naked man? ""How do you breathe through that tiny thing?"""
597,"If sex is a pain in the ass, then you're doing it wrong ..."
598,I've been taking Viagra for my sunburn. It doesn't cure it but it keeps the sheets off my legs at night.
599,"If a guy remembers the color of your eyes after the first date, chances are... you have small boobs."
600,Women might be able to fake orgasms. But men can fake a whole relationship.
601,"What is the difference between ""ooooooh""and ""aaaaaaah""? About three inches."
602,I'm emotionally constipated. I haven't given a shit in days.
603,"One day, a little boy wrote to Santa Clause, ""Please send me a sister."" Santa Clause wrote him back, ""Ok, send me your mother."""
604,"If a woman sleeps with 10 men she's a slut, but if a man does it… He's gay, definitely gay."
605,Why men's voice is louder than women? Men have an antenna.
606,"What did the elephant say to the naked man? ""How do you breathe through that tiny thing?"""
607,"If sex is a pain in the ass, then you're doing it wrong ..."
608,I've been taking Viagra for my sunburn. It doesn't cure it but it keeps the sheets off my legs at night.
609,"If a guy remembers the color of your eyes after the first date, chances are... you have small boobs."
610,Women might be able to fake orgasms. But men can fake a whole relationship.
611,"What is the difference between ""ooooooh""and ""aaaaaaah""? About three inches."
612,I'm emotionally constipated. I haven't given a shit in days.
613,"One day, a little boy wrote to Santa Clause, ""Please send me a sister."" Santa Clause wrote him back, ""Ok, send me your mother."""
614,"If a woman sleeps with 10 men she's a slut, but if a man does it… He's gay, definitely gay."
615,Why men's voice is louder than women? Men have an antenna.
616,"What did the elephant say to the naked man? ""How do you breathe through that tiny thing?"""
617,"If sex is a pain in the ass, then you're doing it wrong ..."
618,I've been taking Viagra for my sunburn. It doesn't cure it but it keeps the sheets off my legs at night.
619,"If a guy remembers the color of your eyes after the first date, chances are... you have small boobs."
620,Women might be able to fake orgasms. But men can fake a whole relationship.
621,"What is the difference between ""ooooooh""and ""aaaaaaah""? About three inches."
622,I'm emotionally constipated. I haven't given a shit in days.
623,"One day, a little boy wrote to Santa Clause, ""Please send me a sister."" Santa Clause wrote him back, ""Ok, send me your mother."""
624,"If a woman sleeps with 10 men she's a slut, but if a man does it… He's gay, definitely gay."
625,Why men's voice is louder than women? Men have an antenna.
626,"What did the elephant say to the naked man? ""How do you breathe through that tiny thing?"""
627,"If sex is a pain in the ass, then you're doing it wrong ..."
628,I've been taking Viagra for my sunburn. It doesn't cure it but it keeps the sheets off my legs at night.
629,"If a guy remembers the color of your eyes after the first date, chances are... you have small boobs."
630,Women might be able to fake orgasms. But men can fake a whole relationship.
631,"What is the difference between ""ooooooh""and ""aaaaaaah""? About three inches."
632,I'm emotionally constipated. I haven't given a shit in days.
633,"One day, a little boy wrote to Santa Clause, ""Please send me a sister."" Santa Clause wrote him back, ""Ok, send me your mother."""
634,"If a woman sleeps with 10 men she's a slut, but if a man does it… He's gay, definitely gay."
635,Why men's voice is louder than women? Men have an antenna.
636,"What did the elephant say to the naked man? ""How do you breathe through that tiny thing?"""
637,"If sex is a pain in the ass, then you're doing it wrong ..."
638,I've been taking Viagra for my sunburn. It doesn't cure it but it keeps the sheets off my legs at night.
639,"If a guy remembers the color of your eyes after the first date, chances are... you have small boobs."
640,Women might be able to fake orgasms. But men can fake a whole relationship.
641,"What is the difference between ""ooooooh""and ""aaaaaaah""? About three inches."
642,I'm emotionally constipated. I haven't given a shit in days.
643,"One day, a little boy wrote to Santa Clause, ""Please send me a sister."" Santa Clause wrote him back, ""Ok, send me your mother."""
644,"If a woman sleeps with 10 men she's a slut, but if a man does it… He's gay, definitely gay."
645,Why men's voice is louder than women? Men have an antenna.
646,"What did the elephant say to the naked man? ""How do you breathe through that tiny thing?"""
647,"If sex is a pain in the ass, then you're doing it wrong ..."
648,I've been taking Viagra for my sunburn. It doesn't cure it but it keeps the sheets off my legs at night.
649,"If a guy remembers the color of your eyes after the first date, chances are... you have small boobs."
650,Women might be able to fake orgasms. But men can fake a whole relationship.
651,"What is the difference between ""ooooooh""and ""aaaaaaah""? About three inches."
652,I'm emotionally constipated. I haven't given a shit in days.
653,"One day, a little boy wrote to Santa Clause, ""Please send me a sister."" Santa Clause wrote him back, ""Ok, send me your mother."""
654,"If a woman sleeps with 10 men she's a slut, but if a man does it… He's gay, definitely gay."
655,Why men's voice is louder than women? Men have an antenna.
656,"What did the elephant say to the naked man? ""How do you breathe through that tiny thing?"""
657,"If sex is a pain in the ass, then you're doing it wrong ..."
658,I've been taking Viagra for my sunburn. It doesn't cure it but it keeps the sheets off my legs at night.
659,"If a guy remembers the color of your eyes after the first date, chances are... you have small boobs."
660,Women might be able to fake orgasms. But men can fake a whole relationship.
661,"What is the difference between ""ooooooh""and ""aaaaaaah""? About three inches."
662,I'm emotionally constipated. I haven't given a shit in days.
663,"One day, a little boy wrote to Santa Clause, ""Please send me a sister."" Santa Clause wrote him back, ""Ok, send me your mother."""
664,"If a woman sleeps with 10 men she's a slut, but if a man does it… He's gay, definitely gay."
665,Why men's voice is louder than women? Men have an antenna.
666,"What did the elephant say to the naked man? ""How do you breathe through that tiny thing?"""
667,"If sex is a pain in the ass, then you're doing it wrong ..."
668,I've been taking Viagra for my sunburn. It doesn't cure it but it keeps the sheets off my legs at night.
669,"If a guy remembers the color of your eyes after the first date, chances are... you have small boobs."
670,Women might be able to fake orgasms. But men can fake a whole relationship.
